incident_id,timestamp_epoch,datetime_iso,location_id,location_name,incident_type,severity,involved_track_ids,golongan_types,speed_kmh,location_description,title,description
ALT-0001,1789814928.923,2026-09-19 17:48:48.922,312,Underpass Unila Arah Rajabasa,PELANGGARAN_HELM,WARNING,2850,Golongan VI-B,0.0,Underpass Unila Arah Rajabasa,ETLE: Pengendara Motor Tanpa Helm (#2850),Sepeda motor #2850 terdeteksi melanggar aturan lalu lintas (tidak mengenakan helm keselamatan SNI).
ALT-0002,1789814930.426,2026-09-19 17:48:50.426,312,Underpass Unila Arah Rajabasa,LAWAN_ARAH,CRITICAL,2853,Golongan I,7.8,Underpass Unila Arah Rajabasa,BAHAYA: Kendaraan Lawan Arah! (Sedan/Jip/Pick-up #2853),Sedan/Jip/Pick-up #2853 melaju ke atas melawan arus lajur masuk underpass.
ALT-0003,1789814933.407,2026-09-19 17:48:53.406,312,Underpass Unila Arah Rajabasa,LAWAN_ARAH,CRITICAL,2905,Golongan I,10.3,Underpass Unila Arah Rajabasa,BAHAYA: Kendaraan Lawan Arah! (Sedan/Jip/Pick-up #2905),Sedan/Jip/Pick-up #2905 melaju ke atas melawan arus lajur masuk underpass.
ALT-0004,1789814933.753,2026-09-19 17:48:53.753,312,Underpass Unila Arah Rajabasa,LAWAN_ARAH,CRITICAL,2907,Golongan I,9.3,Underpass Unila Arah Rajabasa,BAHAYA: Kendaraan Lawan Arah! (Sedan/Jip/Pick-up #2907),Sedan/Jip/Pick-up #2907 melaju ke atas melawan arus lajur masuk underpass.
ALT-0005,1789814934.577,2026-09-19 17:48:54.577,312,Underpass Unila Arah Rajabasa,KENDARAAN_BERHENTI,WARNING,2771,Golongan I,0.0,Underpass Unila Arah Rajabasa,Kendaraan Berhenti di Underpass (Sedan/Jip/Pick-up #2771),Sedan/Jip/Pick-up #2771 terhenti di jalur underpass selama 6.3 detik.
ALT-0006,1789814934.577,2026-09-19 17:48:54.577,312,Underpass Unila Arah Rajabasa,KENDARAAN_BERHENTI,WARNING,2836,Golongan I,0.0,Underpass Unila Arah Rajabasa,Kendaraan Berhenti di Underpass (Sedan/Jip/Pick-up #2836),Sedan/Jip/Pick-up #2836 terhenti di jalur underpass selama 6.1 detik.
ALT-0007,1789814935.638,2026-09-19 17:48:55.638,312,Underpass Unila Arah Rajabasa,LAWAN_ARAH,CRITICAL,2920,Golongan I,11.4,Underpass Unila Arah Rajabasa,BAHAYA: Kendaraan Lawan Arah! (Sedan/Jip/Pick-up #2920),Sedan/Jip/Pick-up #2920 melaju ke atas melawan arus lajur masuk underpass.
ALT-0008,1789814935.883,2026-09-19 17:48:55.882,312,Underpass Unila Arah Rajabasa,KENDARAAN_BERHENTI,WARNING,2835,Golongan I,0.0,Underpass Unila Arah Rajabasa,Kendaraan Berhenti di Underpass (Sedan/Jip/Pick-up #2835),Sedan/Jip/Pick-up #2835 terhenti di jalur underpass selama 7.4 detik.
ALT-0009,1789814937.742,2026-09-19 17:48:57.741,312,Underpass Unila Arah Rajabasa,KENDARAAN_BERHENTI,WARNING,2919,Golongan I,1.5,Underpass Unila Arah Rajabasa,Kendaraan Berhenti di Underpass (Sedan/Jip/Pick-up #2919),Sedan/Jip/Pick-up #2919 terhenti di jalur underpass selama 3.2 detik.
ALT-0010,1789814938.142,2026-09-19 17:48:58.142,312,Underpass Unila Arah Rajabasa,KENDARAAN_BERHENTI,WARNING,2884,Golongan I,0.0,Underpass Unila Arah Rajabasa,Kendaraan Berhenti di Underpass (Sedan/Jip/Pick-up #2884),Sedan/Jip/Pick-up #2884 terhenti di jalur underpass selama 5.5 detik.
ALT-0011,1789814938.142,2026-09-19 17:48:58.142,312,Underpass Unila Arah Rajabasa,KENDARAAN_BERHENTI,WARNING,2709,Golongan I,0.0,Underpass Unila Arah Rajabasa,Kendaraan Berhenti di Underpass (Sedan/Jip/Pick-up #2709),Sedan/Jip/Pick-up #2709 terhenti di jalur underpass selama 6.7 detik.
ALT-0012,1789814938.142,2026-09-19 17:48:58.142,312,Underpass Unila Arah Rajabasa,KENDARAAN_BERHENTI,WARNING,2922,Golongan I,0.0,Underpass Unila Arah Rajabasa,Kendaraan Berhenti di Underpass (Sedan/Jip/Pick-up #2922),Sedan/Jip/Pick-up #2922 terhenti di jalur underpass selama 3.4 detik.
ALT-0013,1789814939.202,2026-09-19 17:48:59.201,312,Underpass Unila Arah Rajabasa,KENDARAAN_BERHENTI,WARNING,2945,Golongan I,2.5,Underpass Unila Arah Rajabasa,Kendaraan Berhenti di Underpass (Sedan/Jip/Pick-up #2945),Sedan/Jip/Pick-up #2945 terhenti di jalur underpass selama 3.1 detik.
ALT-0014,1789814941.404,2026-09-19 17:49:01.404,312,Underpass Unila Arah Rajabasa,LAWAN_ARAH,CRITICAL,2989,Golongan I,5.2,Underpass Unila Arah Rajabasa,BAHAYA: Kendaraan Lawan Arah! (Sedan/Jip/Pick-up #2989),Sedan/Jip/Pick-up #2989 melaju ke atas melawan arus lajur masuk underpass.
ALT-0015,1789814941.692,2026-09-19 17:49:01.691,312,Underpass Unila Arah Rajabasa,KENDARAAN_BERHENTI,WARNING,2974,Golongan I,0.1,Underpass Unila Arah Rajabasa,Kendaraan Berhenti di Underpass (Bus #2974),Bus #2974 terhenti di jalur underpass selama 3.1 detik.
ALT-0016,1789814942.938,2026-09-19 17:49:02.937,312,Underpass Unila Arah Rajabasa,LAWAN_ARAH,CRITICAL,3005,Golongan I,9.4,Underpass Unila Arah Rajabasa,BAHAYA: Kendaraan Lawan Arah! (Sedan/Jip/Pick-up #3005),Sedan/Jip/Pick-up #3005 melaju ke atas melawan arus lajur masuk underpass.
ALT-0017,1789814943.142,2026-09-19 17:49:03.141,312,Underpass Unila Arah Rajabasa,LAWAN_ARAH,CRITICAL,3006,Golongan I,8.7,Underpass Unila Arah Rajabasa,BAHAYA: Kendaraan Lawan Arah! (Sedan/Jip/Pick-up #3006),Sedan/Jip/Pick-up #3006 melaju ke atas melawan arus lajur masuk underpass.
ALT-0018,1789814943.896,2026-09-19 17:49:03.896,312,Underpass Unila Arah Rajabasa,LAWAN_ARAH,CRITICAL,3007,Golongan I,7.5,Underpass Unila Arah Rajabasa,BAHAYA: Kendaraan Lawan Arah! (Sedan/Jip/Pick-up #3007),Sedan/Jip/Pick-up #3007 melaju ke atas melawan arus lajur masuk underpass.
ALT-0019,1789814947.577,2026-09-19 17:49:07.576,312,Underpass Unila Arah Rajabasa,LAWAN_ARAH,CRITICAL,3051,Golongan I;Golongan I,0.0,Underpass Unila Arah Rajabasa,BAHAYA: Kendaraan Lawan Arah! (Sedan/Jip/Pick-up #3051),Sedan/Jip/Pick-up #3051 melaju ke atas melawan arus lajur masuk underpass.
ALT-0020,1789814948.674,2026-09-19 17:49:08.673,312,Underpass Unila Arah Rajabasa,LAWAN_ARAH,CRITICAL,3063,Golongan I,12.6,Underpass Unila Arah Rajabasa,BAHAYA: Kendaraan Lawan Arah! (Sedan/Jip/Pick-up #3063),Sedan/Jip/Pick-up #3063 melaju ke atas melawan arus lajur masuk underpass.
ALT-0021,1789814950.89,2026-09-19 17:49:10.890,312,Underpass Unila Arah Rajabasa,KENDARAAN_BERHENTI,WARNING,3064,Golongan I,1.0,Underpass Unila Arah Rajabasa,Kendaraan Berhenti di Underpass (Sedan/Jip/Pick-up #3064),Sedan/Jip/Pick-up #3064 terhenti di jalur underpass selama 3.1 detik.
ALT-0022,1789814951.086,2026-09-19 17:49:11.086,312,Underpass Unila Arah Rajabasa,LAWAN_ARAH,CRITICAL,3085,Golongan I,11.5,Underpass Unila Arah Rajabasa,BAHAYA: Kendaraan Lawan Arah! (Sedan/Jip/Pick-up #3085),Sedan/Jip/Pick-up #3085 melaju ke atas melawan arus lajur masuk underpass.
ALT-0023,1789814952.213,2026-09-19 17:49:12.212,312,Underpass Unila Arah Rajabasa,KENDARAAN_BERHENTI,WARNING,3079,Golongan I,2.5,Underpass Unila Arah Rajabasa,Kendaraan Berhenti di Underpass (Sedan/Jip/Pick-up #3079),Sedan/Jip/Pick-up #3079 terhenti di jalur underpass selama 3.2 detik.
ALT-0024,1789814953.905,2026-09-19 17:49:13.905,312,Underpass Unila Arah Rajabasa,KENDARAAN_BERHENTI,WARNING,3066,Golongan I,3.4,Underpass Unila Arah Rajabasa,Kendaraan Berhenti di Underpass (Sedan/Jip/Pick-up #3066),Sedan/Jip/Pick-up #3066 terhenti di jalur underpass selama 3.0 detik.
ALT-0025,1789814954.093,2026-09-19 17:49:14.093,312,Underpass Unila Arah Rajabasa,KENDARAAN_BERHENTI,WARNING,3065,Golongan III,0.0,Underpass Unila Arah Rajabasa,Kendaraan Berhenti di Underpass (Truk 3 Gandar #3065),Truk 3 Gandar #3065 terhenti di jalur underpass selama 6.3 detik.
ALT-0026,1789814958.332,2026-09-19 17:49:18.332,312,Underpass Unila Arah Rajabasa,KENDARAAN_BERHENTI,WARNING,3109,Golongan I,1.1,Underpass Unila Arah Rajabasa,Kendaraan Berhenti di Underpass (Sedan/Jip/Pick-up #3109),Sedan/Jip/Pick-up #3109 terhenti di jalur underpass selama 3.1 detik.
ALT-0027,1789814958.687,2026-09-19 17:49:18.686,312,Underpass Unila Arah Rajabasa,LAWAN_ARAH,CRITICAL,3126,Golongan I,10.7,Underpass Unila Arah Rajabasa,BAHAYA: Kendaraan Lawan Arah! (Sedan/Jip/Pick-up #3126),Sedan/Jip/Pick-up #3126 melaju ke atas melawan arus lajur masuk underpass.
ALT-0028,1789814959.965,2026-09-19 17:49:19.965,312,Underpass Unila Arah Rajabasa,LAWAN_ARAH,CRITICAL,3142,Golongan I,2.4,Underpass Unila Arah Rajabasa,BAHAYA: Kendaraan Lawan Arah! (Sedan/Jip/Pick-up #3142),Sedan/Jip/Pick-up #3142 melaju ke atas melawan arus lajur masuk underpass.
ALT-0029,1789814960.758,2026-09-19 17:49:20.758,312,Underpass Unila Arah Rajabasa,KENDARAAN_BERHENTI,WARNING,3123,Golongan I,2.1,Underpass Unila Arah Rajabasa,Kendaraan Berhenti di Underpass (Sedan/Jip/Pick-up #3123),Sedan/Jip/Pick-up #3123 terhenti di jalur underpass selama 3.1 detik.
ALT-0030,1789814962.907,2026-09-19 17:49:22.907,312,Underpass Unila Arah Rajabasa,LAWAN_ARAH,CRITICAL,3167,Golongan I,9.5,Underpass Unila Arah Rajabasa,BAHAYA: Kendaraan Lawan Arah! (Sedan/Jip/Pick-up #3167),Sedan/Jip/Pick-up #3167 melaju ke atas melawan arus lajur masuk underpass.
ALT-0031,1789814963.095,2026-09-19 17:49:23.095,312,Underpass Unila Arah Rajabasa,LAWAN_ARAH,CRITICAL,3176,Golongan I,11.2,Underpass Unila Arah Rajabasa,BAHAYA: Kendaraan Lawan Arah! (Sedan/Jip/Pick-up #3176),Sedan/Jip/Pick-up #3176 melaju ke atas melawan arus lajur masuk underpass.
ALT-0032,1789814964.863,2026-09-19 17:49:24.863,312,Underpass Unila Arah Rajabasa,KENDARAAN_BERHENTI,WARNING,3108,Golongan I,2.5,Underpass Unila Arah Rajabasa,Kendaraan Berhenti di Underpass (Sedan/Jip/Pick-up #3108),Sedan/Jip/Pick-up #3108 terhenti di jalur underpass selama 3.1 detik.
ALT-0033,1789814965.056,2026-09-19 17:49:25.056,312,Underpass Unila Arah Rajabasa,KENDARAAN_BERHENTI,WARNING,3169,Golongan I,3.0,Underpass Unila Arah Rajabasa,Kendaraan Berhenti di Underpass (Sedan/Jip/Pick-up #3169),Sedan/Jip/Pick-up #3169 terhenti di jalur underpass selama 3.1 detik.
ALT-0034,1789814967.078,2026-09-19 17:49:27.078,312,Underpass Unila Arah Rajabasa,LAWAN_ARAH,CRITICAL,3210,Golongan I,4.6,Underpass Unila Arah Rajabasa,BAHAYA: Kendaraan Lawan Arah! (Sedan/Jip/Pick-up #3210),Sedan/Jip/Pick-up #3210 melaju ke atas melawan arus lajur masuk underpass.
ALT-0035,1789814968.497,2026-09-19 17:49:28.497,312,Underpass Unila Arah Rajabasa,LAWAN_ARAH,CRITICAL,3224,Golongan I,11.2,Underpass Unila Arah Rajabasa,BAHAYA: Kendaraan Lawan Arah! (Sedan/Jip/Pick-up #3224),Sedan/Jip/Pick-up #3224 melaju ke atas melawan arus lajur masuk underpass.
ALT-0036,1789814969.112,2026-09-19 17:49:29.112,312,Underpass Unila Arah Rajabasa,KENDARAAN_BERHENTI,WARNING,3208,Golongan I,1.8,Underpass Unila Arah Rajabasa,Kendaraan Berhenti di Underpass (Sedan/Jip/Pick-up #3208),Sedan/Jip/Pick-up #3208 terhenti di jalur underpass selama 3.2 detik.
ALT-0037,1789814969.112,2026-09-19 17:49:29.112,312,Underpass Unila Arah Rajabasa,KENDARAAN_BERHENTI,WARNING,3207,Golongan I,0.5,Underpass Unila Arah Rajabasa,Kendaraan Berhenti di Underpass (Sedan/Jip/Pick-up #3207),Sedan/Jip/Pick-up #3207 terhenti di jalur underpass selama 3.2 detik.
ALT-0038,1789814970.173,2026-09-19 17:49:30.173,312,Underpass Unila Arah Rajabasa,KENDARAAN_BERHENTI,WARNING,3171,Golongan I,0.0,Underpass Unila Arah Rajabasa,Kendaraan Berhenti di Underpass (Sedan/Jip/Pick-up #3171),Sedan/Jip/Pick-up #3171 terhenti di jalur underpass selama 6.7 detik.
ALT-0039,1789814973.191,2026-09-19 17:49:33.190,312,Underpass Unila Arah Rajabasa,KENDARAAN_BERHENTI,WARNING,3110,Golongan I,2.9,Underpass Unila Arah Rajabasa,Kendaraan Berhenti di Underpass (Sedan/Jip/Pick-up #3110),Sedan/Jip/Pick-up #3110 terhenti di jalur underpass selama 3.0 detik.
ALT-0040,1789814973.405,2026-09-19 17:49:33.405,312,Underpass Unila Arah Rajabasa,KENDARAAN_BERHENTI,WARNING,3248,Golongan III,3.3,Underpass Unila Arah Rajabasa,Kendaraan Berhenti di Underpass (Truk 3 Gandar #3248),Truk 3 Gandar #3248 terhenti di jalur underpass selama 3.1 detik.
ALT-0041,1789814973.405,2026-09-19 17:49:33.405,312,Underpass Unila Arah Rajabasa,LAWAN_ARAH,CRITICAL,3276,Golongan I,11.2,Underpass Unila Arah Rajabasa,BAHAYA: Kendaraan Lawan Arah! (Sedan/Jip/Pick-up #3276),Sedan/Jip/Pick-up #3276 melaju ke atas melawan arus lajur masuk underpass.
ALT-0042,1789814974.204,2026-09-19 17:49:34.203,312,Underpass Unila Arah Rajabasa,PELANGGARAN_HELM,WARNING,5006,Golongan VI-B,0.0,Underpass Unila Arah Rajabasa,ETLE: Pengendara Motor Tanpa Helm (#5006),Sepeda motor #5006 terdeteksi melanggar aturan lalu lintas (tidak mengenakan helm keselamatan SNI).
ALT-0043,1789814975.481,2026-09-19 17:49:35.480,312,Underpass Unila Arah Rajabasa,LAWAN_ARAH,CRITICAL,3295,Golongan I,8.9,Underpass Unila Arah Rajabasa,BAHAYA: Kendaraan Lawan Arah! (Sedan/Jip/Pick-up #3295),Sedan/Jip/Pick-up #3295 melaju ke atas melawan arus lajur masuk underpass.
ALT-0044,1789814975.842,2026-09-19 17:49:35.841,312,Underpass Unila Arah Rajabasa,LAWAN_ARAH,CRITICAL,3286,Golongan I,0.0,Underpass Unila Arah Rajabasa,BAHAYA: Kendaraan Lawan Arah! (Sedan/Jip/Pick-up #3286),Sedan/Jip/Pick-up #3286 melaju ke atas melawan arus lajur masuk underpass.
ALT-0045,1789814977.441,2026-09-19 17:49:37.440,312,Underpass Unila Arah Rajabasa,KENDARAAN_BERHENTI,WARNING,3294,Golongan I,2.9,Underpass Unila Arah Rajabasa,Kendaraan Berhenti di Underpass (Sedan/Jip/Pick-up #3294),Sedan/Jip/Pick-up #3294 terhenti di jalur underpass selama 3.1 detik.
ALT-0046,1789814979.713,2026-09-19 17:49:39.713,312,Underpass Unila Arah Rajabasa,LAWAN_ARAH,CRITICAL,3321,Golongan I,7.0,Underpass Unila Arah Rajabasa,BAHAYA: Kendaraan Lawan Arah! (Sedan/Jip/Pick-up #3321),Sedan/Jip/Pick-up #3321 melaju ke atas melawan arus lajur masuk underpass.
ALT-0047,1789814980.37,2026-09-19 17:49:40.369,312,Underpass Unila Arah Rajabasa,LAWAN_ARAH,CRITICAL,3326,Golongan I,7.8,Underpass Unila Arah Rajabasa,BAHAYA: Kendaraan Lawan Arah! (Sedan/Jip/Pick-up #3326),Sedan/Jip/Pick-up #3326 melaju ke atas melawan arus lajur masuk underpass.
ALT-0048,1789814981.789,2026-09-19 17:49:41.788,312,Underpass Unila Arah Rajabasa,KENDARAAN_BERHENTI,WARNING,3323,Golongan I,3.1,Underpass Unila Arah Rajabasa,Kendaraan Berhenti di Underpass (Sedan/Jip/Pick-up #3323),Sedan/Jip/Pick-up #3323 terhenti di jalur underpass selama 3.1 detik.
ALT-0049,1789814981.789,2026-09-19 17:49:41.788,312,Underpass Unila Arah Rajabasa,KENDARAAN_BERHENTI,WARNING,3325,Golongan I,2.7,Underpass Unila Arah Rajabasa,Kendaraan Berhenti di Underpass (Sedan/Jip/Pick-up #3325),Sedan/Jip/Pick-up #3325 terhenti di jalur underpass selama 3.1 detik.
ALT-0050,1789814982.352,2026-09-19 17:49:42.351,312,Underpass Unila Arah Rajabasa,KENDARAAN_BERHENTI,WARNING,3322,Golongan I,3.0,Underpass Unila Arah Rajabasa,Kendaraan Berhenti di Underpass (Sedan/Jip/Pick-up #3322),Sedan/Jip/Pick-up #3322 terhenti di jalur underpass selama 3.0 detik.
ALT-0051,1789814982.597,2026-09-19 17:49:42.597,312,Underpass Unila Arah Rajabasa,KENDARAAN_BERHENTI,WARNING,3313,Golongan I,0.0,Underpass Unila Arah Rajabasa,Kendaraan Berhenti di Underpass (Sedan/Jip/Pick-up #3313),Sedan/Jip/Pick-up #3313 terhenti di jalur underpass selama 6.4 detik.
ALT-0052,1789814983.928,2026-09-19 17:49:43.927,312,Underpass Unila Arah Rajabasa,LAWAN_ARAH,CRITICAL,3361,Golongan I,11.3,Underpass Unila Arah Rajabasa,BAHAYA: Kendaraan Lawan Arah! (Bus #3361),Bus #3361 melaju ke atas melawan arus lajur masuk underpass.
ALT-0053,1789814984.907,2026-09-19 17:49:44.907,312,Underpass Unila Arah Rajabasa,LAWAN_ARAH,CRITICAL,3363,Golongan I,8.1,Underpass Unila Arah Rajabasa,BAHAYA: Kendaraan Lawan Arah! (Sedan/Jip/Pick-up #3363),Sedan/Jip/Pick-up #3363 melaju ke atas melawan arus lajur masuk underpass.
ALT-0001,1789815730.082,2026-09-19 18:02:10.081,282,Perempatan Jl. Jendral Sudirman,PELANGGARAN_HELM,WARNING,5001,Golongan VI-B,0.0,Perempatan Jl. Jendral Sudirman,ETLE: Pengendara Motor Tanpa Helm (#5001),Sepeda motor #5001 terdeteksi melanggar aturan lalu lintas (tidak mengenakan helm keselamatan SNI).
ALT-0002,1789815730.423,2026-09-19 18:02:10.422,282,Perempatan Jl. Jendral Sudirman,PELANGGARAN_HELM,WARNING,3408,Golongan VI-B,0.0,Perempatan Jl. Jendral Sudirman,ETLE: Pengendara Motor Tanpa Helm (#3408),Sepeda motor #3408 terdeteksi melanggar aturan lalu lintas (tidak mengenakan helm keselamatan SNI).
ALT-0003,1789815733.43,2026-09-19 18:02:13.429,282,Perempatan Jl. Jendral Sudirman,KENDARAAN_BERHENTI,WARNING,3408,Golongan VI-B,0.1,Perempatan Jl. Jendral Sudirman,Kendaraan Berhenti di Underpass (Sepeda Motor (Tanpa Helm) #3408),Sepeda Motor (Tanpa Helm) #3408 terhenti di jalur underpass selama 3.0 detik.
ALT-0004,1789815733.43,2026-09-19 18:02:13.429,282,Perempatan Jl. Jendral Sudirman,KENDARAAN_BERHENTI,WARNING,3409,Golongan I,0.3,Perempatan Jl. Jendral Sudirman,Kendaraan Berhenti di Underpass (Sedan/Jip/Pick-up #3409),Sedan/Jip/Pick-up #3409 terhenti di jalur underpass selama 3.0 detik.
ALT-0005,1789815736.024,2026-09-19 18:02:16.024,282,Perempatan Jl. Jendral Sudirman,PELANGGARAN_HELM,WARNING,3428,Golongan VI-B,0.0,Perempatan Jl. Jendral Sudirman,ETLE: Pengendara Motor Tanpa Helm (#3428),Sepeda motor #3428 terdeteksi melanggar aturan lalu lintas (tidak mengenakan helm keselamatan SNI).
ALT-0006,1789815736.448,2026-09-19 18:02:16.447,282,Perempatan Jl. Jendral Sudirman,PELANGGARAN_HELM,WARNING,3426,Golongan VI-B,6.6,Perempatan Jl. Jendral Sudirman,ETLE: Pengendara Motor Tanpa Helm (#3426),Sepeda motor #3426 terdeteksi melanggar aturan lalu lintas (tidak mengenakan helm keselamatan SNI).
ALT-0007,1789815743.472,2026-09-19 18:02:23.472,282,Perempatan Jl. Jendral Sudirman,PELANGGARAN_HELM,WARNING,3515,Golongan VI-B,0.7,Perempatan Jl. Jendral Sudirman,ETLE: Pengendara Motor Tanpa Helm (#3515),Sepeda motor #3515 terdeteksi melanggar aturan lalu lintas (tidak mengenakan helm keselamatan SNI).
ALT-0008,1789815745.509,2026-09-19 18:02:25.508,282,Perempatan Jl. Jendral Sudirman,KENDARAAN_BERHENTI,WARNING,3508,Golongan VI-A,0.0,Perempatan Jl. Jendral Sudirman,Kendaraan Berhenti di Underpass (Sepeda Motor (Taat Helm) #3508),Sepeda Motor (Taat Helm) #3508 terhenti di jalur underpass selama 4.1 detik.
ALT-0009,1789815747.331,2026-09-19 18:02:27.330,282,Perempatan Jl. Jendral Sudirman,PELANGGARAN_HELM,WARNING,3562,Golongan VI-B,2.6,Perempatan Jl. Jendral Sudirman,ETLE: Pengendara Motor Tanpa Helm (#3562),Sepeda motor #3562 terdeteksi melanggar aturan lalu lintas (tidak mengenakan helm keselamatan SNI).
ALT-0010,1789815748.214,2026-09-19 18:02:28.214,282,Perempatan Jl. Jendral Sudirman,KENDARAAN_BERHENTI,WARNING,3562,Golongan VI-B,2.4,Perempatan Jl. Jendral Sudirman,Kendaraan Berhenti di Underpass (Sepeda Motor (Tanpa Helm) #3562),Sepeda Motor (Tanpa Helm) #3562 terhenti di jalur underpass selama 3.1 detik.
ALT-0011,1789815748.387,2026-09-19 18:02:28.386,282,Perempatan Jl. Jendral Sudirman,KENDARAAN_BERHENTI,WARNING,3521,Golongan VI-A,0.0,Perempatan Jl. Jendral Sudirman,Kendaraan Berhenti di Underpass (Sepeda Motor (Taat Helm) #3521),Sepeda Motor (Taat Helm) #3521 terhenti di jalur underpass selama 6.2 detik.
ALT-0012,1789815748.387,2026-09-19 18:02:28.386,282,Perempatan Jl. Jendral Sudirman,KENDARAAN_BERHENTI,WARNING,3515,Golongan VI-A,0.0,Perempatan Jl. Jendral Sudirman,Kendaraan Berhenti di Underpass (Sepeda Motor (Taat Helm) #3515),Sepeda Motor (Taat Helm) #3515 terhenti di jalur underpass selama 6.4 detik.
ALT-0013,1789815749.216,2026-09-19 18:02:29.216,282,Perempatan Jl. Jendral Sudirman,PELANGGARAN_HELM,WARNING,3618,Golongan VI-B,0.0,Perempatan Jl. Jendral Sudirman,ETLE: Pengendara Motor Tanpa Helm (#3618),Sepeda motor #3618 terdeteksi melanggar aturan lalu lintas (tidak mengenakan helm keselamatan SNI).
ALT-0014,1789815749.388,2026-09-19 18:02:29.387,282,Perempatan Jl. Jendral Sudirman,PELANGGARAN_HELM,WARNING,3626,Golongan VI-B,0.0,Perempatan Jl. Jendral Sudirman,ETLE: Pengendara Motor Tanpa Helm (#3626),Sepeda motor #3626 terdeteksi melanggar aturan lalu lintas (tidak mengenakan helm keselamatan SNI).
ALT-0015,1789815751.748,2026-09-19 18:02:31.748,282,Perempatan Jl. Jendral Sudirman,KENDARAAN_BERHENTI,WARNING,3604,Golongan I,0.6,Perempatan Jl. Jendral Sudirman,Kendaraan Berhenti di Underpass (Sedan/Jip/Pick-up #3604),Sedan/Jip/Pick-up #3604 terhenti di jalur underpass selama 3.2 detik.
ALT-0016,1789815755.017,2026-09-19 18:02:35.017,282,Perempatan Jl. Jendral Sudirman,PELANGGARAN_HELM,WARNING,3521,Golongan VI-B,0.7,Perempatan Jl. Jendral Sudirman,ETLE: Pengendara Motor Tanpa Helm (#3521),Sepeda motor #3521 terdeteksi melanggar aturan lalu lintas (tidak mengenakan helm keselamatan SNI).
ALT-0017,1789815757.049,2026-09-19 18:02:37.048,282,Perempatan Jl. Jendral Sudirman,PELANGGARAN_HELM,WARNING,3707,Golongan VI-B,0.0,Perempatan Jl. Jendral Sudirman,ETLE: Pengendara Motor Tanpa Helm (#3707),Sepeda motor #3707 terdeteksi melanggar aturan lalu lintas (tidak mengenakan helm keselamatan SNI).
ALT-0018,1789815760.148,2026-09-19 18:02:40.148,282,Perempatan Jl. Jendral Sudirman,KENDARAAN_BERHENTI,WARNING,3707,Golongan VI-B,0.7,Perempatan Jl. Jendral Sudirman,Kendaraan Berhenti di Underpass (Sepeda Motor (Tanpa Helm) #3707),Sepeda Motor (Tanpa Helm) #3707 terhenti di jalur underpass selama 3.1 detik.
ALT-0019,1789815761.433,2026-09-19 18:02:41.433,282,Perempatan Jl. Jendral Sudirman,KENDARAAN_BERHENTI,WARNING,3686,Golongan VI-A,0.0,Perempatan Jl. Jendral Sudirman,Kendaraan Berhenti di Underpass (Sepeda Motor (Taat Helm) #3686),Sepeda Motor (Taat Helm) #3686 terhenti di jalur underpass selama 3.2 detik.
ALT-0020,1789815763.503,2026-09-19 18:02:43.503,282,Perempatan Jl. Jendral Sudirman,PELANGGARAN_HELM,WARNING,3746,Golongan VI-B,0.0,Perempatan Jl. Jendral Sudirman,ETLE: Pengendara Motor Tanpa Helm (#3746),Sepeda motor #3746 terdeteksi melanggar aturan lalu lintas (tidak mengenakan helm keselamatan SNI).
ALT-0021,1789815763.875,2026-09-19 18:02:43.875,282,Perempatan Jl. Jendral Sudirman,KENDARAAN_BERHENTI,WARNING,3723,Golongan VI-A,0.0,Perempatan Jl. Jendral Sudirman,Kendaraan Berhenti di Underpass (Sepeda Motor (Taat Helm) #3723),Sepeda Motor (Taat Helm) #3723 terhenti di jalur underpass selama 4.4 detik.
ALT-0022,1789815765.397,2026-09-19 18:02:45.396,282,Perempatan Jl. Jendral Sudirman,KENDARAAN_BERHENTI,WARNING,3729,Golongan VI-A,0.0,Perempatan Jl. Jendral Sudirman,Kendaraan Berhenti di Underpass (Sepeda Motor (Taat Helm) #3729),Sepeda Motor (Taat Helm) #3729 terhenti di jalur underpass selama 4.4 detik.
ALT-0023,1789815765.598,2026-09-19 18:02:45.598,282,Perempatan Jl. Jendral Sudirman,PELANGGARAN_HELM,WARNING,3756,Golongan VI-B,0.0,Perempatan Jl. Jendral Sudirman,ETLE: Pengendara Motor Tanpa Helm (#3756),Sepeda motor #3756 terdeteksi melanggar aturan lalu lintas (tidak mengenakan helm keselamatan SNI).
ALT-0024,1789815767.82,2026-09-19 18:02:47.820,282,Perempatan Jl. Jendral Sudirman,KENDARAAN_BERHENTI,WARNING,3751,Golongan VI-A,0.1,Perempatan Jl. Jendral Sudirman,Kendaraan Berhenti di Underpass (Sepeda Motor (Taat Helm) #3751),Sepeda Motor (Taat Helm) #3751 terhenti di jalur underpass selama 3.0 detik.
ALT-0025,1789815768.007,2026-09-19 18:02:48.007,282,Perempatan Jl. Jendral Sudirman,PELANGGARAN_HELM,WARNING,3723,Golongan VI-B,0.1,Perempatan Jl. Jendral Sudirman,ETLE: Pengendara Motor Tanpa Helm (#3723),Sepeda motor #3723 terdeteksi melanggar aturan lalu lintas (tidak mengenakan helm keselamatan SNI).
ALT-0026,1789815770.843,2026-09-19 18:02:50.843,282,Perempatan Jl. Jendral Sudirman,PELANGGARAN_HELM,WARNING,3751,Golongan VI-B,0.4,Perempatan Jl. Jendral Sudirman,ETLE: Pengendara Motor Tanpa Helm (#3751),Sepeda motor #3751 terdeteksi melanggar aturan lalu lintas (tidak mengenakan helm keselamatan SNI).
ALT-0027,1789815774.059,2026-09-19 18:02:54.058,282,Perempatan Jl. Jendral Sudirman,PELANGGARAN_HELM,WARNING,3774,Golongan VI-B,0.0,Perempatan Jl. Jendral Sudirman,ETLE: Pengendara Motor Tanpa Helm (#3774),Sepeda motor #3774 terdeteksi melanggar aturan lalu lintas (tidak mengenakan helm keselamatan SNI).
ALT-0028,1789815776.374,2026-09-19 18:02:56.374,282,Perempatan Jl. Jendral Sudirman,PELANGGARAN_HELM,WARNING,3793,Golongan VI-B,0.0,Perempatan Jl. Jendral Sudirman,ETLE: Pengendara Motor Tanpa Helm (#3793),Sepeda motor #3793 terdeteksi melanggar aturan lalu lintas (tidak mengenakan helm keselamatan SNI).
ALT-0029,1789815778.15,2026-09-19 18:02:58.150,282,Perempatan Jl. Jendral Sudirman,PELANGGARAN_HELM,WARNING,3832,Golongan VI-B,0.0,Perempatan Jl. Jendral Sudirman,ETLE: Pengendara Motor Tanpa Helm (#3832),Sepeda motor #3832 terdeteksi melanggar aturan lalu lintas (tidak mengenakan helm keselamatan SNI).
ALT-0030,1789815778.333,2026-09-19 18:02:58.332,282,Perempatan Jl. Jendral Sudirman,PELANGGARAN_HELM,WARNING,3805,Golongan VI-B,0.2,Perempatan Jl. Jendral Sudirman,ETLE: Pengendara Motor Tanpa Helm (#3805),Sepeda motor #3805 terdeteksi melanggar aturan lalu lintas (tidak mengenakan helm keselamatan SNI).
ALT-0031,1789815778.531,2026-09-19 18:02:58.531,282,Perempatan Jl. Jendral Sudirman,KENDARAAN_BERHENTI,WARNING,3774,Golongan VI-B,0.0,Perempatan Jl. Jendral Sudirman,Kendaraan Berhenti di Underpass (Sepeda Motor (Tanpa Helm) #3774),Sepeda Motor (Tanpa Helm) #3774 terhenti di jalur underpass selama 4.5 detik.
ALT-0032,1789815779.375,2026-09-19 18:02:59.375,282,Perempatan Jl. Jendral Sudirman,PELANGGARAN_HELM,WARNING,3839,Golongan VI-B,0.0,Perempatan Jl. Jendral Sudirman,ETLE: Pengendara Motor Tanpa Helm (#3839),Sepeda motor #3839 terdeteksi melanggar aturan lalu lintas (tidak mengenakan helm keselamatan SNI).
ALT-0033,1789815779.981,2026-09-19 18:02:59.981,282,Perempatan Jl. Jendral Sudirman,PELANGGARAN_HELM,WARNING,3879,Golongan VI-B,0.0,Perempatan Jl. Jendral Sudirman,ETLE: Pengendara Motor Tanpa Helm (#3879),Sepeda motor #3879 terdeteksi melanggar aturan lalu lintas (tidak mengenakan helm keselamatan SNI).
ALT-0034,1789815780.631,2026-09-19 18:03:00.630,282,Perempatan Jl. Jendral Sudirman,KENDARAAN_BERHENTI,WARNING,3804,Golongan I,1.7,Perempatan Jl. Jendral Sudirman,Kendaraan Berhenti di Underpass (Sedan/Jip/Pick-up #3804),Sedan/Jip/Pick-up #3804 terhenti di jalur underpass selama 3.1 detik.
ALT-0035,1789815780.631,2026-09-19 18:03:00.630,282,Perempatan Jl. Jendral Sudirman,KENDARAAN_BERHENTI,WARNING,3805,Golongan VI-B,0.0,Perempatan Jl. Jendral Sudirman,Kendaraan Berhenti di Underpass (Sepeda Motor (Tanpa Helm) #3805),Sepeda Motor (Tanpa Helm) #3805 terhenti di jalur underpass selama 3.1 detik.
ALT-0036,1789815780.631,2026-09-19 18:03:00.630,282,Perempatan Jl. Jendral Sudirman,KENDARAAN_BERHENTI,WARNING,3808,Golongan VI-A,0.4,Perempatan Jl. Jendral Sudirman,Kendaraan Berhenti di Underpass (Sepeda Motor (Taat Helm) #3808),Sepeda Motor (Taat Helm) #3808 terhenti di jalur underpass selama 3.1 detik.
ALT-0037,1789815780.86,2026-09-19 18:03:00.860,282,Perempatan Jl. Jendral Sudirman,KENDARAAN_BERHENTI,WARNING,3818,Golongan VI-A,0.5,Perempatan Jl. Jendral Sudirman,Kendaraan Berhenti di Underpass (Sepeda Motor (Taat Helm) #3818),Sepeda Motor (Taat Helm) #3818 terhenti di jalur underpass selama 3.1 detik.
ALT-0038,1789815781.638,2026-09-19 18:03:01.637,282,Perempatan Jl. Jendral Sudirman,PELANGGARAN_HELM,WARNING,3905,Golongan VI-B,0.0,Perempatan Jl. Jendral Sudirman,ETLE: Pengendara Motor Tanpa Helm (#3905),Sepeda motor #3905 terdeteksi melanggar aturan lalu lintas (tidak mengenakan helm keselamatan SNI).
ALT-0039,1789815781.638,2026-09-19 18:03:01.637,282,Perempatan Jl. Jendral Sudirman,PELANGGARAN_HELM,WARNING,3908,Golongan VI-B,0.0,Perempatan Jl. Jendral Sudirman,ETLE: Pengendara Motor Tanpa Helm (#3908),Sepeda motor #3908 terdeteksi melanggar aturan lalu lintas (tidak mengenakan helm keselamatan SNI).
ALT-0040,1789815781.901,2026-09-19 18:03:01.900,282,Perempatan Jl. Jendral Sudirman,KENDARAAN_BERHENTI,WARNING,3839,Golongan VI-A,0.0,Perempatan Jl. Jendral Sudirman,Kendaraan Berhenti di Underpass (Sepeda Motor (Taat Helm) #3839),Sepeda Motor (Taat Helm) #3839 terhenti di jalur underpass selama 3.6 detik.
ALT-0041,1789815782.108,2026-09-19 18:03:02.107,282,Perempatan Jl. Jendral Sudirman,KENDARAAN_BERHENTI,WARNING,3851,Golongan VI-A,0.2,Perempatan Jl. Jendral Sudirman,Kendaraan Berhenti di Underpass (Sepeda Motor (Taat Helm) #3851),Sepeda Motor (Taat Helm) #3851 terhenti di jalur underpass selama 3.1 detik.
ALT-0042,1789815784.546,2026-09-19 18:03:04.545,282,Perempatan Jl. Jendral Sudirman,KENDARAAN_BERHENTI,WARNING,3897,Golongan I,1.4,Perempatan Jl. Jendral Sudirman,Kendaraan Berhenti di Underpass (Sedan/Jip/Pick-up #3897),Sedan/Jip/Pick-up #3897 terhenti di jalur underpass selama 3.1 detik.
ALT-0043,1789815784.546,2026-09-19 18:03:04.545,282,Perempatan Jl. Jendral Sudirman,KENDARAAN_BERHENTI,WARNING,3898,Golongan VI-A,0.1,Perempatan Jl. Jendral Sudirman,Kendaraan Berhenti di Underpass (Sepeda Motor (Taat Helm) #3898),Sepeda Motor (Taat Helm) #3898 terhenti di jalur underpass selama 3.1 detik.
ALT-0044,1789815784.546,2026-09-19 18:03:04.545,282,Perempatan Jl. Jendral Sudirman,KENDARAAN_BERHENTI,WARNING,3902,Golongan I,1.8,Perempatan Jl. Jendral Sudirman,Kendaraan Berhenti di Underpass (Sedan/Jip/Pick-up #3902),Sedan/Jip/Pick-up #3902 terhenti di jalur underpass selama 3.1 detik.
ALT-0045,1789815784.759,2026-09-19 18:03:04.758,282,Perempatan Jl. Jendral Sudirman,KENDARAAN_BERHENTI,WARNING,3905,Golongan VI-A,0.2,Perempatan Jl. Jendral Sudirman,Kendaraan Berhenti di Underpass (Sepeda Motor (Taat Helm) #3905),Sepeda Motor (Taat Helm) #3905 terhenti di jalur underpass selama 3.1 detik.
ALT-0046,1789815784.759,2026-09-19 18:03:04.758,282,Perempatan Jl. Jendral Sudirman,KENDARAAN_BERHENTI,WARNING,3908,Golongan VI-A,0.5,Perempatan Jl. Jendral Sudirman,Kendaraan Berhenti di Underpass (Sepeda Motor (Taat Helm) #3908),Sepeda Motor (Taat Helm) #3908 terhenti di jalur underpass selama 3.1 detik.
ALT-0047,1789815786.315,2026-09-19 18:03:06.315,282,Perempatan Jl. Jendral Sudirman,PELANGGARAN_HELM,WARNING,3963,Golongan VI-B,0.0,Perempatan Jl. Jendral Sudirman,ETLE: Pengendara Motor Tanpa Helm (#3963),Sepeda motor #3963 terdeteksi melanggar aturan lalu lintas (tidak mengenakan helm keselamatan SNI).
ALT-0048,1789815788.407,2026-09-19 18:03:08.407,282,Perempatan Jl. Jendral Sudirman,PELANGGARAN_HELM,WARNING,3976,Golongan VI-B,0.0,Perempatan Jl. Jendral Sudirman,ETLE: Pengendara Motor Tanpa Helm (#3976),Sepeda motor #3976 terdeteksi melanggar aturan lalu lintas (tidak mengenakan helm keselamatan SNI).
ALT-0049,1789815788.585,2026-09-19 18:03:08.585,282,Perempatan Jl. Jendral Sudirman,KENDARAAN_BERHENTI,WARNING,3950,Golongan VI-A,0.9,Perempatan Jl. Jendral Sudirman,Kendaraan Berhenti di Underpass (Sepeda Motor (Taat Helm) #3950),Sepeda Motor (Taat Helm) #3950 terhenti di jalur underpass selama 3.0 detik.
ALT-0050,1789815788.805,2026-09-19 18:03:08.804,282,Perempatan Jl. Jendral Sudirman,PELANGGARAN_HELM,WARNING,3981,Golongan VI-B,0.0,Perempatan Jl. Jendral Sudirman,ETLE: Pengendara Motor Tanpa Helm (#3981),Sepeda motor #3981 terdeteksi melanggar aturan lalu lintas (tidak mengenakan helm keselamatan SNI).
ALT-0051,1789815789.659,2026-09-19 18:03:09.659,282,Perempatan Jl. Jendral Sudirman,KENDARAAN_BERHENTI,WARNING,3963,Golongan VI-B,0.0,Perempatan Jl. Jendral Sudirman,Kendaraan Berhenti di Underpass (Sepeda Motor (Tanpa Helm) #3963),Sepeda Motor (Tanpa Helm) #3963 terhenti di jalur underpass selama 3.3 detik.
